year,month,month_num,island_system,diesel_l,diesel_cost_rs,units_kwh,oil_l,oil_cost_rs,diesel_barrel,barrel_amount,sfc_l_per_kwh,diesel_rs_per_l,fuel_cost_rs_per_kwh,total_cost_rs_per_kwh
2024,Jan,1,Analaithivu,12615.0,4365370.0,30430.0,40.0,85895.20000000001,63.075,94612.5,0.4146,346.05,143.46,146.28
2024,Jan,1,Eluvaitivu-Diesel,3460.0,1199762.0,7687.0,0.0,0.0,17.3,25950.0,0.4501,346.75,156.08,156.08
2024,Jan,1,Eluvaitivu-Hybrid,645.0,212205.0,5520.0,0.0,0.0,3.225,4837.5,0.1168,329.0,38.44,38.44
2024,Jan,1,Delft-Neduntivu,27185.0,9015640.0,82423.0,120.0,257685.6,135.925,24466.500000000004,0.3298,331.64,109.38,112.51
2024,Jan,1,Nainativu,31370.0,10926830.0,96670.00000000012,40.0,85895.20000000001,156.85,235275.0,0.3245,348.32,113.03,113.92
2024,Feb,2,Analaithivu,12035.0,4346780.0,30058.0,40.0,85895.20000000001,60.175,90262.5,0.4004,361.18,144.61,147.47
2024,Feb,2,Eluvaitivu-Diesel,2725.0,982265.0,6482.0,0.0,0.0,13.625,20437.5,0.4204,360.46,151.54,151.54
2024,Feb,2,Eluvaitivu-Hybrid,645.0,232635.0,7436.0,20.0,42947.600000000006,3.225,4837.5,0.0867,360.67,31.28,37.06
2024,Feb,2,Delft-Neduntivu,26515.0,9534570.0,80520.0,80.0,171790.40000000002,132.575,23863.499999999996,0.3293,359.59,118.41,120.55
2024,Feb,2,Nainativu,28900.0,10443200.0,88850.00000000038,0.0,0.0,144.5,216750.0,0.3253,361.36,117.54,117.54
2024,Mar,3,Analaithivu,13465.0,4887795.0,27666.0,40.0,85895.20000000001,67.325,100987.5,0.4867,363.0,176.67,179.78
2024,Mar,3,Eluvaitivu-Diesel,3030.0,1099890.0,7505.0,0.0,0.0,15.15,22725.0,0.4037,363.0,146.55,146.55
2024,Mar,3,Eluvaitivu-Hybrid,670.0,243210.0,8335.0,0.0,0.0,3.35,5025.0,0.0804,363.0,29.18,29.18
2024,Mar,3,Delft-Neduntivu,29075.0,10550135.0,86119.0,80.0,171790.40000000002,145.375,26167.5,0.3376,362.86,122.51,124.5
2024,Mar,3,Nainativu,32370.0,11750310.0,98290.0,0.0,0.0,161.85,242775.0,0.3293,363.0,119.55,119.55
2024,Apr,4,Analaithivu,13645.0,4953135.0,36196.0,40.0,85895.20000000001,68.225,102337.49999999999,0.377,363.0,136.84,139.22
2024,Apr,4,Eluvaitivu-Diesel,3475.0,1261425.0,9171.0,0.0,0.0,17.375,26062.5,0.3789,363.0,137.54,137.54
2024,Apr,4,Eluvaitivu-Hybrid,610.0,221430.0,7923.0,0.0,0.0,3.05,4575.0,0.077,363.0,27.95,27.95
2024,Apr,4,Delft-Neduntivu,32290.0,11721270.0,93001.0,80.0,171790.40000000002,161.45,29060.999999999996,0.3472,363.0,126.03,127.88
2024,Apr,4,Nainativu,34045.0,12358335.0,107099.99999999946,40.0,85895.20000000001,170.225,255337.5,0.3179,363.0,115.39,116.19
2024,May,5,Analaithivu,14905.0,5192565.0,30688.0,40.0,85895.20000000001,74.525,111787.50000000001,0.4857,348.38,169.21,172.0
2024,May,5,Eluvaitivu-Diesel,3435.0,1191165.0,8803.0,0.0,0.0,17.175,25762.5,0.3902,346.77,135.31,135.31
2024,May,5,Eluvaitivu-Hybrid,680.0,236940.0,8688.0,10.0,21473.800000000003,3.4,5100.0,0.0783,348.44,27.27,29.74
2024,May,5,Delft-Neduntivu,30805.0,11182215.0,90692.0,80.0,171790.40000000002,154.025,27724.5,0.3397,363.0,123.3,125.19
2024,May,5,Nainativu,32730.0,11317890.0,100220.00000000026,0.0,0.0,163.65,245475.0,0.3266,345.8,112.93,112.93
2024,Jun,6,Analaithivu,13645.0,4519625.0,34983.0,40.0,85895.20000000001,68.225,102337.49999999999,0.39,331.23,129.19,131.65
2024,Jun,6,Eluvaitivu-Diesel,2870.0,955710.0,6918.0,0.0,0.0,14.35,21525.0,0.4149,333.0,138.15,138.15
2024,Jun,6,Eluvaitivu-Hybrid,295.0,98235.0,8191.0,0.0,0.0,1.475,2212.5,0.036,333.0,11.99,11.99
2024,Jun,6,Delft-Neduntivu,27470.0,9360540.0,88695.0,40.0,85895.20000000001,137.35,24723.0,0.3097,340.76,105.54,106.5
2024,Jun,6,Nainativu,36700.0,12120780.0,112640.00000000033,0.0,0.0,183.5,275250.0,0.3258,330.27,107.61,107.61
2024,Jul,7,Analaithivu,14170.0,4491890.0,37127.0,80.0,171790.40000000002,70.85,106274.99999999999,0.3817,317.0,120.99,125.61
2024,Jul,7,Eluvaitivu-Diesel,3030.0,961262.0,7175.0,0.0,0.0,15.15,22725.0,0.4223,317.25,133.97,133.97
2024,Jul,7,Eluvaitivu-Hybrid,350.0,110950.0,8278.0,10.0,21473.800000000003,1.75,2625.0,0.0423,317.0,13.4,16.0
2024,Jul,7,Delft-Neduntivu,29495.0,9380491.0,95228.0,40.0,85895.20000000001,147.475,26545.5,0.3097,318.04,98.51,99.41
2024,Jul,7,Nainativu,35110.0,11129870.0,107380.00000000009,40.0,85895.20000000001,175.55,263325.0,0.327,317.0,103.65,104.45
2024,Aug,8,Analaithivu,14220.0,4507740.0,36616.0,0.0,0.0,71.1,106649.99999999999,0.3884,317.0,123.11,123.11
2024,Aug,8,Eluvaitivu-Diesel,2345.0,743365.0,6339.0,0.0,0.0,11.725,17587.5,0.3699,317.0,117.27,117.27
2024,Aug,8,Eluvaitivu-Hybrid,815.0,258355.0,9748.0,0.0,0.0,4.075,6112.5,0.0836,317.0,26.5,26.5
2024,Aug,8,Delft-Neduntivu,29365.0,9308705.0,95706.0,80.0,171790.40000000002,146.825,26428.499999999996,0.3068,317.0,97.26,99.06
2024,Aug,8,Nainativu,33745.0,10697165.0,103760.00000000023,0.0,0.0,168.725,253087.5,0.3252,317.0,103.1,103.1
2024,Sep,9,Analaithivu,14025.0,4382675.0,35288.0,40.0,85895.20000000001,70.125,105187.5,0.3974,312.49,124.2,126.63
2024,Sep,9,Eluvaitivu-Diesel,1880.0,589230.0,5175.0,0.0,0.0,9.4,14100.0,0.3633,313.42,113.86,113.86
2024,Sep,9,Eluvaitivu-Hybrid,995.0,310465.0,10664.0,10.0,21473.800000000003,4.975,7462.499999999999,0.0933,312.03,29.11,31.13
2024,Sep,9,Delft-Neduntivu,28270.0,8961590.0,92745.0,80.0,171790.40000000002,141.35,25443.0,0.3048,317.0,96.63,98.48
2024,Sep,9,Nainativu,32795.0,10248815.0,100359.99999999923,0.0,0.0,163.975,245962.5,0.3268,312.51,102.12,102.12
2024,Oct,10,Analaithivu,13890.0,4143870.0,34832.0,40.0,84549.36,69.45,104175.0,0.3988,298.33,118.97,121.39
2024,Oct,10,Eluvaitivu-Diesel,2905.0,846883.0,7362.0,0.0,0.0,14.525,21787.5,0.3946,291.53,115.03,115.03
2024,Oct,10,Eluvaitivu-Hybrid,1125.0,342375.0,7826.0,0.0,0.0,5.625,8437.5,0.1438,304.33,43.75,43.75
2024,Oct,10,Delft-Neduntivu,26990.0,8287780.0,86641.0,80.0,171319.35600000003,134.95,24290.999999999996,0.3115,307.07,95.66,97.63
2024,Oct,10,Nainativu,31905.0,9506235.0,96829.99999999988,0.0,0.0,159.525,239287.5,0.3295,297.95,98.17,98.17
2024,Nov,11,Analaithivu,13265.0,3753995.0,30141.0,0.0,0.0,66.325,99487.5,0.4401,283.0,124.55,124.55
2024,Nov,11,Eluvaitivu-Diesel,3040.0,860320.0,7318.0,0.0,0.0,15.2,22800.0,0.4154,283.0,117.56,117.56
2024,Nov,11,Eluvaitivu-Hybrid,1120.0,316960.0,6374.0,0.0,0.0,5.6,8400.0,0.1757,283.0,49.73,49.73
2024,Nov,11,Delft-Neduntivu,25970.0,7419734.0,82253.0,0.0,0.0,129.85,23373.0,0.3157,285.7,90.21,90.21
2024,Nov,11,Nainativu,29650.0,8390950.0,86079.99999999997,0.0,0.0,148.25,222375.0,0.3444,283.0,97.48,97.48
2024,Dec,12,Analaithivu,14130.0,4028220.0,34118.0,40.0,84549.36,70.65,105975.00000000001,0.4142,285.08,118.07,120.55
2024,Dec,12,Eluvaitivu-Diesel,3490.0,995224.0,8732.0,0.0,0.0,17.45,26175.0,0.3997,285.16,113.97,113.97
2024,Dec,12,Eluvaitivu-Hybrid,870.0,246210.0,7462.0,0.0,0.0,4.35,6524.999999999999,0.1166,283.0,33.0,33.0
2024,Dec,12,Delft-Neduntivu,27955.0,8309745.0,90008.0,80.0,169098.72,139.775,25159.5,0.3106,297.25,92.32,94.2
2024,Dec,12,Nainativu,27790.0,7915765.0,82530.00000000017,0.0,0.0,138.95,208424.99999999997,0.3367,284.84,95.91,95.91
2025,Jan,1,Analaithivu,13135.0,3756610.0,29727.0,0.0,0.0,65.675,98512.5,0.4419,286.0,126.37,126.37
2025,Jan,1,Eluvaitivu-Diesel,2755.0,787930.0,6495.0,0.0,0.0,13.775,20662.5,0.4242,286.0,121.31,121.31
2025,Jan,1,Eluvaitivu-Hybrid,990.0,283140.0,7385.0,0.0,0.0,4.95,7425.0,0.1341,286.0,38.34,38.34
2025,Jan,1,Delft-Neduntivu,24805.0,7863185.0,72305.0,80.0,169098.72,124.025,23564.75,0.3431,317.0,108.75,111.09
2025,Jan,1,Nainativu,26035.0,7446010.0,76850.0,0.0,0.0,130.175,195262.50000000003,0.3388,286.0,96.89,96.89
2025,Feb,2,Analaithivu,12425.0,3553550.0,25466.0,0.0,0.0,62.125,93187.5,0.4879,286.0,139.54,139.54
2025,Feb,2,Eluvaitivu-Diesel,2355.0,673530.0,5640.0,0.0,0.0,11.775,17662.5,0.4176,286.0,119.42,119.42
2025,Feb,2,Eluvaitivu-Hybrid,850.0,243100.0,7001.0,10.0,21137.34,4.25,6375.0,0.1214,286.0,34.72,37.74
2025,Feb,2,Delft-Neduntivu,23625.0,6786246.5,73305.0,80.0,169098.72,118.125,22443.75,0.3223,287.25,92.58,94.88
2025,Feb,2,Nainativu,23875.0,6828250.0,73250.0,0.0,0.0,119.375,179062.5,0.3259,286.0,93.22,93.22
2025,Mar,3,Analaithivu,13380.0,3826680.0,27901.0,0.0,0.0,66.9,100350.00000000001,0.4796,286.0,137.15,137.15
2025,Mar,3,Eluvaitivu-Diesel,3365.0,962390.0,8276.0,0.0,0.0,16.825,25237.5,0.4066,286.0,116.29,116.29
2025,Mar,3,Eluvaitivu-Hybrid,845.0,241670.0,7582.0,0.0,0.0,4.225,6337.499999999999,0.1114,286.0,31.87,31.87
2025,Mar,3,Delft-Neduntivu,27520.0,7870720.0,89509.0,0.0,0.0,137.6,26144.0,0.3075,286.0,87.93,87.93
2025,Mar,3,Nainativu,31500.0,9009000.0,97310.0,40.0,84549.36,157.5,236250.0,0.3237,286.0,92.58,93.45
2025,Apr,4,Analaithivu,13495.0,3859570.0,31944.0,40.0,84549.36,67.475,101212.49999999999,0.4225,286.0,120.82,123.47
2025,Apr,4,Eluvaitivu-Diesel,3560.0,1018160.0,9243.0,0.0,0.0,17.8,26700.0,0.3852,286.0,110.15,110.15
2025,Apr,4,Eluvaitivu-Hybrid,845.0,241670.0,8446.0,0.0,0.0,4.225,6337.499999999999,0.1,286.0,28.61,28.61
2025,Apr,4,Delft-Neduntivu,29615.0,8469890.0,99046.0,40.0,84549.36,148.075,28134.249999999996,0.299,286.0,85.51,86.37
2025,Apr,4,Nainativu,33580.0,9603880.0,106070.0,0.0,0.0,167.9,251850.0,0.3166,286.0,90.54,90.54
2025,May,5,Analaithivu,14320.0,4050340.0,39391.0,0.0,0.0,71.6,107399.99999999999,0.3635,282.84,102.82,102.82
2025,May,5,Eluvaitivu-Diesel,3330.0,948504.0,8675.0,0.0,0.0,16.65,24974.999999999996,0.3839,284.84,109.34,109.34
2025,May,5,Eluvaitivu-Hybrid,910.0,260260.0,9414.0,10.0,21137.34,4.55,6825.0,0.0967,286.0,27.65,29.89
2025,May,5,Delft-Neduntivu,32815.0,9385090.0,104525.0,0.0,0.0,164.075,31174.249999999996,0.3139,286.0,89.79,89.79
2025,May,5,Nainativu,32865.0,9294750.0,102030.0,80.0,169098.72,164.325,246487.49999999997,0.3221,282.82,91.1,92.76
2025,Jun,6,Analaithivu,14185.0,3886690.0,40152.0,0.0,0.0,70.925,106387.5,0.3533,274.0,96.8,96.8
2025,Jun,6,Eluvaitivu-Diesel,2775.0,760350.0,7152.0,0.0,0.0,13.875,20812.5,0.388,274.0,106.31,106.31
2025,Jun,6,Eluvaitivu-Hybrid,1010.0,276740.0,10114.0,0.0,0.0,5.05,7575.0,0.0999,274.0,27.36,27.36
2025,Jun,6,Delft-Neduntivu,32720.0,9357920.0,90750.0,40.0,84549.36,163.6,31084.0,0.3606,286.0,103.12,104.05
2025,Jun,6,Nainativu,34200.0,9370800.0,107130.0,0.0,0.0,171.0,256500.0,0.3192,274.0,87.47,87.47
2025,Jul,7,Analaithivu,13835.0,3892565.0,39133.0,40.0,84549.36,69.175,103762.5,0.3535,281.36,99.47,101.63
2025,Jul,7,Eluvaitivu-Diesel,3420.0,973650.0,8733.0,0.0,0.0,17.1,25650.000000000004,0.3916,284.69,111.49,111.49
2025,Jul,7,Eluvaitivu-Hybrid,910.0,249340.0,9143.0,10.0,21137.34,4.55,6825.0,0.0995,274.0,27.27,29.58
2025,Jul,7,Delft-Neduntivu,35180.0,9649520.0,94380.0,65.0,137392.71,175.9,33421.0,0.3727,274.29,102.24,103.7
2025,Jul,7,Nainativu,43090.0,12211810.0,142280.0,0.0,0.0,215.45,323175.0,0.3029,283.4,85.83,85.83
2025,Aug,8,Analaithivu,13945.0,4030105.0,38391.0,0.0,0.0,69.725,104587.49999999999,0.3632,289.0,104.98,104.98
2025,Aug,8,Eluvaitivu-Diesel,3645.0,1053405.0,9380.0,0.0,0.0,18.225,27337.500000000004,0.3886,289.0,112.3,112.3
2025,Aug,8,Eluvaitivu-Hybrid,995.0,287555.0,8872.0,0.0,0.0,4.975,7462.499999999999,0.1122,289.0,32.41,32.41
2025,Aug,8,Delft-Neduntivu,34770.0,9573480.0,94730.0,60.0,126824.04,173.85,33031.5,0.367,275.34,101.06,102.4
2025,Aug,8,Nainativu,35425.0,10237825.0,108950.0,40.0,84549.36,177.125,265687.5,0.3251,289.0,93.97,94.74
2025,Sep,9,Analaithivu,13795.0,3951205.0,39221.0,40.0,84549.36,68.975,103462.49999999999,0.3517,286.42,100.74,102.9
2025,Sep,9,Eluvaitivu-Diesel,3525.0,1008507.0,8854.0,0.0,0.0,17.625,26437.5,0.3981,286.1,113.9,113.9
2025,Sep,9,Eluvaitivu-Hybrid,1175.0,336725.0,8363.0,10.0,21137.34,5.875,8812.5,0.1405,286.57,40.26,42.79
2025,Sep,9,Delft-Neduntivu,33950.0,9811550.0,108930.0,40.0,84549.36,169.75,32252.5,0.3117,289.0,90.07,90.85
2025,Sep,9,Nainativu,34455.0,9848955.0,103290.0,0.0,0.0,172.275,258412.5,0.3336,285.85,95.35,95.35
2025,Oct,10,Analaithivu,14530.0,4049260.0,40460.0,0.0,0.0,72.65,108975.00000000001,0.3591,278.68,100.08,100.08
2025,Oct,10,Eluvaitivu-Diesel,4285.0,1195477.0,10951.0,0.0,0.0,21.425,32137.5,0.3913,278.99,109.17,109.17
2025,Oct,10,Eluvaitivu-Hybrid,1010.0,282170.0,5653.0,0.0,0.0,5.05,7575.0,0.1787,279.38,49.92,49.92
2025,Oct,10,Delft-Neduntivu,34135.0,9725905.0,112530.0,40.0,84549.36,170.675,32428.250000000004,0.3033,284.92,86.43,87.18
2025,Oct,10,Nainativu,35060.0,9765080.0,103590.0,40.0,84549.36,175.3,262950.0,0.3384,278.52,94.27,95.08
2025,Nov,11,Analaithivu,13310.0,3686870.0,37249.0,40.0,84549.36,66.55,99825.0,0.3573,277.0,98.98,101.25
2025,Nov,11,Eluvaitivu-Diesel,6315.0,1749255.0,14577.0,0.0,0.0,31.575,47362.5,0.4332,277.0,120.0,120.0
2025,Nov,11,Eluvaitivu-Hybrid,125.0,34625.0,1097.0,0.0,0.0,0.625,937.5,0.1139,277.0,31.56,31.56
2025,Nov,11,Delft-Neduntivu,27480.0,7776840.0,91560.0,50.0,105686.7,137.4,26106.0,0.3001,283.0,84.94,86.09
2025,Nov,11,Nainativu,31210.0,8645170.0,93010.0,0.0,0.0,156.05,234075.00000000003,0.3356,277.0,92.95,92.95
2025,Dec,12,Analaithivu,13560.0,3756120.0,37383.0,50.0,105686.7,67.8,101700.0,0.3627,277.0,100.48,103.3
2025,Dec,12,Eluvaitivu-Diesel,6720.0,1861440.0,15300.0,0.0,0.0,33.6,50400.0,0.4392,277.0,121.66,121.66
2025,Dec,12,Eluvaitivu-Hybrid,40.0,11080.0,261.0,0.0,0.0,0.2,300.0,0.1533,277.0,42.45,42.45
2025,Dec,12,Delft-Neduntivu,29645.0,8303675.0,95310.0,80.0,169098.72,148.225,28162.75,0.311,280.1,87.12,88.9
2025,Dec,12,Nainativu,28390.0,7864030.0,84700.0,50.0,105686.7,141.95,212924.99999999997,0.3352,277.0,92.85,94.09
